<?xml version="1.0" encoding="UTF-8"?>
<project-private xmlns="http://www.netbeans.org/ns/project-private/1">
    <editor-bookmarks xmlns="http://www.netbeans.org/ns/editor-bookmarks/2" lastBookmarkId="0"/>
    <open-files xmlns="http://www.netbeans.org/ns/projectui-open-files/2">
        <group>
            <file>file:/D:/Infobeans_Foundation/PROJECT/BankProject01/src/com/bankproject01/dao/AdminDao.java</file>
            <file>file:/D:/Infobeans_Foundation/PROJECT/BankProject01/src/com/bankproject01/service/DatabaseConnect.java</file>
            <file>file:/D:/Infobeans_Foundation/PROJECT/BankProject01/src/com/bankproject01/testmain/TestMain.java</file>
            <file>file:/D:/Infobeans_Foundation/PROJECT/BankProject01/src/com/bankproject01/model/Admin.java</file>
        </group>
    </open-files>
</project-private>
